"","leaf.char","variable","height","N","P","height*N","height*P","N*P","height*N*P","height.adj","N.adj","P.adj","heightN.adj","heightP.adj","NP.adj"
"20","Physical characteristics","mass_g",0.00873971109228511,0.449011174083982,0.687157968084587,0.873875134524148,0.0868922536193435,0.843952690193351,0.586653000776923,0.995168352451161,0.921699878206974,0.980967238405729,0.98532694606488,0.902483386048603,0.983957706902323
"3","Physical characteristics","area_cm2",2.48479370412724e-09,0.599357081028646,0.604659272637672,0.609256344044199,0.0214029798201547,0.487372120425742,0.527340681191064,0.995168352451161,0.921699878206974,0.980967238405729,0.98532694606488,0.898925152446498,0.983957706902323
"38","Physical characteristics","SLA",1.11022302462516e-16,0.234441359143727,0.596334061743967,0.811501105835006,0.0329218366073847,0.367753383131266,0.74471871318453,0.995168352451161,0.921699878206974,0.980967238405729,0.98532694606488,0.902483386048603,0.983957706902323
"28",NA,"protein",8.58069171272291e-12,0.877357292455259,0.327779403719285,0.575587820749334,0.719599289603399,0.595171953748459,0.21809456741998,0.995168352451161,0.921699878206974,0.980967238405729,0.98532694606488,0.902483386048603,0.983957706902323
"42","Photosynthetic pigments","total_chl",2.27307062061755e-12,0.01513508293174,0.353343792872338,0.826918912520451,0.353719347768496,0.725598385438084,0.6178059856766,0.995168352451161,0.559998068474381,0.980967238405729,0.98532694606488,0.902483386048603,0.983957706902323
"9","Photosynthetic pigments","carot",2.82188965528007e-08,0.0111452726617705,0.457457196251581,0.226841914647669,0.428861547746408,0.385458213281555,0.422095106763194,0.995168352451161,0.456956179132589,0.980967238405729,0.98532694606488,0.902483386048603,0.983957706902323
"12","Photosynthetic pigments","Chl_R",1.10633608940702e-07,0.637311349430994,0.16968169731942,0.263202645429111,0.254407538895906,0.982815656359043,0.506375222551153,0.995168352451161,0.921699878206974,0.980967238405729,0.98532694606488,0.902483386048603,0.983957706902323
"7",NA,"C",1.10815800979935e-11,0.813126783847162,0.751582556404928,0.0397311639422095,0.166474293541286,0.189659896608239,0.145800554157134,0.995168352451161,0.921699878206974,0.980967238405729,0.98532694606488,0.902483386048603,0.983957706902323
"24",NA,"N",0.000464278924917183,0.0137172945556179,0.529420439721705,0.964346322200619,0.0721865932639567,0.347865391899655,0.686449580160408,0.995168352451161,0.534974487669097,0.980967238405729,0.98532694606488,0.902483386048603,0.983957706902323
"26",NA,"P",0.00716804310169306,0.316527671192598,0.00213847386751653,0.514225486251931,0.0164150952474726,0.117578511069662,0.406459376017862,0.995168352451161,0.921699878206974,0.0898159024356944,0.98532694606488,0.705849095641324,0.983957706902323
"25",NA,"N_P",0.682278066258632,0.0168361850672799,0.000702822506701839,0.522391173769257,0.429886826870535,0.0548899207669519,0.527146016320578,0.995168352451161,0.606102662422077,0.0309241902948809,0.98532694606488,0.902483386048603,0.983957706902323
"8",NA,"Ca",1.85779670536235e-08,0.919706451199555,0.845996750406494,0.503815791056985,0.622233986310786,0.974176512923634,0.331853588273897,0.995168352451161,0.921699878206974,0.980967238405729,0.98532694606488,0.902483386048603,0.983957706902323
"21",NA,"Mg",1.40181891650215e-08,0.0901210280234728,0.968878086042334,0.510341745068168,0.178093914365536,0.489461542529574,0.2551820443799,0.995168352451161,0.921699878206974,0.980967238405729,0.98532694606488,0.902483386048603,0.983957706902323
"22",NA,"Mn",0.00425189595769759,0.0116093347277819,0.260579088517502,0.378938229146951,0.109990402361172,0.782634197327098,0.354930493873421,0.995168352451161,0.464373389111277,0.980967238405729,0.98532694606488,0.902483386048603,0.983957706902323
"1",NA,"Al",0.858606032551336,0.0103431970799228,0.546995755941714,0.430306284600205,0.0518508467468594,0.414508513933848,0.728294815251227,0.995168352451161,0.434414277356758,0.980967238405729,0.98532694606488,0.902483386048603,0.983957706902323
"6",NA,"B",5.8928804921532e-05,0.214436029174972,0.00140558283025349,0.957975212702516,0.00361868381493236,0.0956198633265649,0.52815119896711,0.995168352451161,0.921699878206974,0.0604400617009002,0.98532694606488,0.159222087857024,0.983957706902323
"44",NA,"Zn",5.44019274073548e-11,0.6416255830633,0.868426108059141,0.0455166473800549,0.182683530824539,0.735417872553655,0.126397443575985,0.995168352451161,0.921699878206974,0.980967238405729,0.98532694606488,0.902483386048603,0.983957706902323
"30",NA,"S",0.000587583216326681,0.0974885227088274,0.324734180806939,0.221389169389292,0.708117595124167,0.750392307482586,0.496866244091757,0.995168352451161,0.921699878206974,0.980967238405729,0.98532694606488,0.902483386048603,0.983957706902323
"2","Amino acids","Ala",0.121409292158847,0.00587173999060231,0.61987330352967,0.00309885743685334,0.475963693973245,0.809082727616065,0.995168352451161,0.995168352451161,0.258356559586502,0.980967238405729,0.133250869784694,0.902483386048603,0.983957706902323
"14","Amino acids","GABA",0.00187902074923896,0.199520059073853,0.652588774593427,0.00583922141438253,0.338406900404396,0.514966322590863,0.134526368907494,0.995168352451161,0.921699878206974,0.980967238405729,0.233568856575301,0.902483386048603,0.983957706902323
"15","Amino acids","Glu",2.87960842261237e-05,0.0608609179314363,0.322702684871705,0.02807185247896,0.676090853158553,0.578791691809722,0.767793316409451,0.995168352451161,0.921699878206974,0.980967238405729,0.98532694606488,0.902483386048603,0.983957706902323
"43","Amino acids","Val",0.01239655593236,0.092426270714655,0.299681152583382,0.00450418677127451,0.273094826704299,0.631656708514058,0.386039251025869,0.995168352451161,0.921699878206974,0.980967238405729,0.188533713288157,0.902483386048603,0.983957706902323
"29","Polyamines","Put",5.91621521195407e-06,0.822233447164888,0.82907314616812,0.188438933251468,0.829072080252462,0.498067920549699,0.131270711957721,0.995168352451161,0.921699878206974,0.980967238405729,0.98532694606488,0.902483386048603,0.983957706902323
"39","Polyamines","Spd",0.0343943469318103,0.332911860318632,0.504467270243496,0.829892894983294,0.379286346715058,0.797579380605709,0.504296391835811,0.995168352451161,0.921699878206974,0.980967238405729,0.98532694606488,0.902483386048603,0.983957706902323
"40",NA,"Spm",0.671466634593449,0.745936653007895,0.400492969205351,0.00747242354321687,0.413256636270281,0.288593633755087,0.974579519350447,0.995168352451161,0.921699878206974,0.980967238405729,0.291424518185458,0.902483386048603,0.983957706902323
"10",NA,"Chl_A",1.04350972307543e-11,0.0141553473790574,0.395462838167642,0.98532694606488,0.320596437232277,0.670329616307249,0.541868525966549,0.995168352451161,0.537903200404183,0.980967238405729,0.98532694606488,0.902483386048603,0.983957706902323
"11",NA,"Chl_B",2.15161222172355e-13,0.0189348782126504,0.282823874662234,0.503130829204212,0.458950041565923,0.85549566754452,0.822633902580166,0.995168352451161,0.662720737442763,0.980967238405729,0.98532694606488,0.902483386048603,0.983957706902323
"13",NA,"Fe",0.299143390632016,0.0063617428316014,0.753168775214577,0.774787278028431,0.0274850441191328,0.938493275684652,0.73703794221226,0.995168352451161,0.27355494175886,0.980967238405729,0.98532694606488,0.902483386048603,0.983957706902323
"17",NA,"K",0.0219036131662567,0.237137814209058,0.30517002220935,0.648675746784354,0.431734337024959,0.708228156678268,0.917672223538086,0.995168352451161,0.921699878206974,0.980967238405729,0.98532694606488,0.902483386048603,0.983957706902323
"41",NA,"Sr",5.19118485975412e-08,0.681911431550704,0.658624911346902,0.105758601857617,0.528313483697021,0.980647786462666,0.379340952099916,0.995168352451161,0.921699878206974,0.980967238405729,0.98532694606488,0.902483386048603,0.983957706902323
"4",NA,"Arg",0.00969803533069902,0.288778008434079,0.373120459822561,0.00459838325093065,0.294865109855523,0.507447281050142,0.24882049895371,0.995168352451161,0.921699878206974,0.980967238405729,0.188533713288157,0.902483386048603,0.983957706902323
"5",NA,"Asp",0.255473491537846,0.463748942961667,0.413958516003839,0.417531552262529,0.151609756114981,0.271992342370263,0.435260144784111,0.995168352451161,0.921699878206974,0.980967238405729,0.98532694606488,0.902483386048603,0.983957706902323
"16",NA,"Ile",0.00221164179749511,0.275634742695516,0.426570046303908,0.0116335305876245,0.164808614357995,0.704416268472539,0.511679755635526,0.995168352451161,0.921699878206974,0.980967238405729,0.442074162329731,0.902483386048603,0.983957706902323
"18",NA,"Leu",0.00392591062824521,0.921699878206974,0.633848393365489,0.154478047445651,0.659087570932545,0.621299418817831,0.227414241832711,0.995168352451161,0.921699878206974,0.980967238405729,0.98532694606488,0.902483386048603,0.983957706902323
"19",NA,"Lys",0.0757503684072758,0.118892240636824,0.601661023444168,0.00236332143863027,0.722458071876814,0.521318494549221,0.778323715823394,0.995168352451161,0.921699878206974,0.980967238405729,0.103986143299732,0.902483386048603,0.983957706902323
"27",NA,"Pro",0.00732074714400122,0.474972694984215,0.213304407031218,0.0587145161529412,0.0271911562548313,0.470036556129731,0.128050747052176,0.995168352451161,0.921699878206974,0.980967238405729,0.98532694606488,0.902483386048603,0.983957706902323
"31",NA,"s_Al",0.329655602865378,0.196163587222375,0.563164421639312,0.133631950400354,0.633168524380077,0.276496909222369,0.59593867095012,0.995168352451161,0.921699878206974,0.980967238405729,0.98532694606488,0.902483386048603,0.983957706902323
"32",NA,"s_Ca",0.000102491150270057,0.888258153891192,0.655588480319301,0.0875190183727195,0.68113309975814,0.564821020917706,0.471945574554282,0.995168352451161,0.921699878206974,0.980967238405729,0.98532694606488,0.902483386048603,0.983957706902323
"33",NA,"s_K",0.0629879096809218,0.0448940127234811,0.856958064713036,0.328037332886135,0.180787641759182,0.26629118403989,0.980428661230869,0.995168352451161,0.921699878206974,0.980967238405729,0.98532694606488,0.902483386048603,0.983957706902323
"35",NA,"s_Mn",0.40357364562178,0.0226135587743914,0.770633466550336,0.758416923470642,0.677135883872283,0.399650957863463,0.409214151931614,0.995168352451161,0.768860998329308,0.980967238405729,0.98532694606488,0.902483386048603,0.983957706902323
"36",NA,"s_P",0.545262127529545,0.212420795980633,0.039642927854135,0.718771114720501,0.362466229847106,0.167753466649511,0.68577065734573,0.995168352451161,0.921699878206974,0.980967238405729,0.98532694606488,0.902483386048603,0.983957706902323
"34",NA,"s_Mg",4.07183440298553e-08,0.161769360143638,0.70239182171989,0.544542301076488,0.597737441796705,0.412535362570167,0.287634779694714,0.995168352451161,0.921699878206974,0.980967238405729,0.98532694606488,0.902483386048603,0.983957706902323
"37",NA,"s_Zn",0.308110694333211,0.22566802934391,0.980967238405729,0.399722784770562,0.902483386048603,0.983957706902323,0.478478401448621,0.995168352451161,0.921699878206974,0.980967238405729,0.98532694606488,0.902483386048603,0.983957706902323
"23",NA,"moisture",1.24588228622713e-10,0.384324064191346,0.791267754445804,0.442680888054866,0.676318901916402,0.798650987865895,0.147560856768657,0.995168352451161,0.921699878206974,0.980967238405729,0.98532694606488,0.902483386048603,0.983957706902323
